strategy,k,db_cost,energy,sample_ms,fusion_ms
m0,1,25797078026918496652718018312179914379745810750065637403083101884981907295390089135742619740743449060091232834813952,10577290.637500942,195.46,4.56
m1,1,25797078026918496652718018312179914379745810750065637403083101884981907295390089135742619740743449060091232834813952,10577290.637500942,195.46,21.01
m2,1,25797078026918496652718018312179914379745810750065637403083101884981907295390089135742619740743449060091232834813952,4535399.763900111,191.74,2.56
