strategy,k,db_cost,energy,sample_ms,fusion_ms
m0,1,1928626498740114215837391603109304168189686978982008897822867969191677465887479306565657669323978719625216,10693620.143999897,194.57,4.54
m1,1,1928626498740114215837391603109304168189686978982008897822867969191677465887479306565657669323978719625216,10693620.143999897,194.57,20.06
m2,1,1928626498740114215837391603109304168189686978982008897822867969191677465887479306565657669323978719625216,4546334.444201235,194.15,2.46
