strategy,k,db_cost,energy,sample_ms,fusion_ms
m0,1,16423617050232942739649154277460587520508558738511789817856,2181707.9050000333,109.99,2.33
m1,1,16423617050232942739649154277460587520508558738511789817856,2181707.9050000333,109.99,10.22
m2,1,16423617050232942739649154277460587520508558738511789817856,695388.6342001022,108.92,1.26
