strategy,k,db_cost,energy,sample_ms,fusion_ms
m0,1,2312299709053415542950616810862318429029708966395904,625020.240399998,61.07,1.13
m1,1,2312299709053415542950616810862318429029708966395904,625020.240399998,61.07,5.29
m2,1,2312299709053415542950616810862318429029708966395904,164472.54390000444,54.69,0.65
