strategy,k,db_cost,energy,sample_ms,fusion_ms
m0,1,3810586449458674953973701918165532516836735533595599458615527537056415744,5208344.957000299,156.05,3.18
m1,1,3810586449458674953973701918165532516836735533595599458615527537056415744,5208344.957000299,156.05,14.58
m2,1,3810586449458674953973701918165532516836735533595599458615527537056415744,1933308.014600113,153.52,1.73
