strategy,k,db_cost,energy,sample_ms,fusion_ms
m0,1,194804924594810550604274160954716793122070372498898707038148117660702412519688027929138146105011846352398254478458880,10433659.552700518,194.59,4.55
m1,1,194804924594810550604274160954716793122070372498898707038148117660702412519688027929138146105011846352398254478458880,10433659.552700518,194.59,89.22
m2,1,194804924594810550604274160954716793122070372498898707038148117660702412519688027929138146105011846352398254478458880,4582368.883799101,194.61,2.56
