strategy,k,db_cost,energy,sample_ms,fusion_ms
m0,2,2575234211860225567836957606285174258711792893812789501262043059983482880,593453.538499993,70.13,1.10
m1,2,2575234211860225567836957606285174258711792893812789501262043059983482880,593453.538499993,70.13,19.74
m2,2,2575234211860225567836957606285174258711792893812789501262043059983482880,177819.7549000053,70.64,0.60
