strategy,k,db_cost,energy,sample_ms,fusion_ms
m0,1,86852214255775378605649043154102521615137340586482576788292715541529709132780289696019487049485764574314496,5360720.862600058,155.94,3.28
m1,1,86852214255775378605649043154102521615137340586482576788292715541529709132780289696019487049485764574314496,5360720.862600058,155.94,15.01
m2,1,86852214255775378605649043154102521615137340586482576788292715541529709132780289696019487049485764574314496,1982029.670400233,161.45,1.81
