strategy,k,db_cost,energy,sample_ms,fusion_ms
m0,1,233290672738654206373556667959256929789733604493209586658143790694400,2068079.4895000183,110.98,2.01
m1,1,233290672738654206373556667959256929789733604493209586658143790694400,2068079.4895000183,110.98,9.24
m2,1,233290672738654206373556667959256929789733604493209586658143790694400,674172.6517999922,105.78,1.13
