strategy,k,db_cost,energy,sample_ms,fusion_ms
m0,2,37438656407215681801275808766807853410464458059796563923697002249155772416,5384828.499300212,158.60,3.03
m1,2,37438656407215681801275808766807853410464458059796563923697002249155772416,5382752.623100213,158.60,54.31
m2,2,37438656407215681801275808766807853410464458059796563923697002249155772416,1908637.5317005129,155.30,1.65
