strategy,k,db_cost,energy,sample_ms,fusion_ms
m0,2,63024179281312201184623696405653461383876807920431839464109637632,2177471.61140003,109.81,1.93
m1,2,63024179281312201184623696405653461383876807920431839464109637632,2177108.926400036,109.81,34.40
m2,2,63024179281312201184623696405653461383876807920431839464109637632,668790.428500117,111.22,1.07
