strategy,k,db_cost,energy,sample_ms,fusion_ms
m0,1,82754199224957119308671201649716746672405367491623168488601077001044487929181191762554884251880062649704580686807040,19817395.724500503,267.90,6.48
m1,1,82754199224957119308671201649716746672405367491623168488601077001044487929181191762554884251880062649704580686807040,19817395.724500503,267.90,28.89
m2,1,82754199224957119308671201649716746672405367491623168488601077001044487929181191762554884251880062649704580686807040,9182569.539398817,264.90,3.58
