strategy,k,db_cost,energy,sample_ms,fusion_ms
m0,3,82754199224957119308671201649716746672405367491623168488601077001044487929181191762554884251880062649704580686807040,19817395.724500503,267.90,5.96
m1,3,106824834857885169396883092420449403744187373454067572078969384738629774420776022732671617530619018516236328763392,19775203.990500484,267.90,312.73
m2,3,82754199224957119308671201649716746672405367491623168488601077001044487929181191762554884251880062649704580686807040,9182569.539398817,264.90,3.29
