strategy,k,db_cost,energy,sample_ms,fusion_ms
m0,1,54054775909135697038333531125305050303302350354711496087307754620872161104276924399616,5063244.258600206,158.98,3.12
m1,1,54054775909135697038333531125305050303302350354711496087307754620872161104276924399616,5063244.258600206,158.98,14.04
m2,1,54054775909135697038333531125305050303302350354711496087307754620872161104276924399616,1922546.6246002216,160.06,1.75
