strategy,k,db_cost,energy,sample_ms,fusion_ms
m0,3,85037173019770022211588732529377641795559873598199875491283932037535064426433297991551685926374286032896,10126224.131099163,197.09,4.22
m1,3,85037173019770022211588732529377641795559873598199875491283932037535064426433297991551685926374286032896,10121340.092899125,197.09,176.15
m2,3,85037173019770022211588732529377641795559873598199875491283932037535064426433297991551685926374286032896,4449786.136798225,195.11,2.39
