strategy,k,db_cost,energy,sample_ms,fusion_ms
m0,2,79676100186107661456048806728882173091408012401700765696,651033.6575999868,77.44,1.16
m1,2,79676100186107661456048806728882173091408012401700765696,651033.6575999868,77.44,20.22
m2,2,79676100186107661456048806728882173091408012401700765696,180194.2663999823,72.10,0.64
