strategy,k,db_cost,energy,sample_ms,fusion_ms
m0,2,3652356504205695053366356721986605180038663070147532635106181120,2235048.53669997,113.61,1.92
m1,2,10479249809187218880983333771456090534414615508165577837158583493421352219762042601472,2209176.3126999713,113.61,34.70
m2,2,3652356504205695053366356721986605180038663070147532635106181120,676231.6273000524,108.20,1.07
