strategy,k,db_cost,energy,sample_ms,fusion_ms
m0,1,3652356504205695053366356721986605180038663070147532635106181120,2235048.53669997,113.61,2.06
m1,1,3652356504205695053366356721986605180038663070147532635106181120,2235048.53669997,113.61,9.15
m2,1,3652356504205695053366356721986605180038663070147532635106181120,676231.6273000524,108.20,1.11
