strategy,k,db_cost,energy,sample_ms,fusion_ms
m0,2,177502781340816747452337894539849895806505861493248719613275445898817314089861120,18524039.129200898,269.40,6.06
m1,2,177502781340816747452337894539849895806505861493248719613275445898817314089861120,18520467.474400986,269.40,111.92
m2,2,177502781340816747452337894539849895806505861493248719613275445898817314089861120,9167317.61849558,270.82,3.31
