strategy,k,db_cost,energy,sample_ms,fusion_ms
m0,1,13306300544690703284842193169173686444411979285119128758917983976703121682734256848228171138515788103680,10454199.059499374,192.61,4.70
m1,1,13306300544690703284842193169173686444411979285119128758917983976703121682734256848228171138515788103680,10454199.059499374,192.61,21.06
m2,1,13306300544690703284842193169173686444411979285119128758917983976703121682734256848228171138515788103680,4515138.55700181,191.63,2.57
