strategy,k,db_cost,energy,sample_ms,fusion_ms
m0,1,8805977793800234759227445430935579279081322053632,648826.0269999936,73.09,1.22
m1,1,8805977793800234759227445430935579279081322053632,648826.0269999936,73.09,5.60
m2,1,8805977793800234759227445430935579279081322053632,177621.34169998154,70.12,0.68
