strategy,k,db_cost,energy,sample_ms,fusion_ms
m0,1,537967219798585737419993345301756290742100677550455530521855476242436547544281349867452942570045308928,19327558.16470098,270.59,6.23
m1,1,537967219798585737419993345301756290742100677550455530521855476242436547544281349867452942570045308928,19327558.16470098,270.59,28.50
m2,1,537967219798585737419993345301756290742100677550455530521855476242436547544281349867452942570045308928,9085502.313098961,270.72,3.36
