strategy,k,db_cost,energy,sample_ms,fusion_ms
m0,2,224186434342825664796710772606321459414141275007543257495039427030550146799953432805376,10654244.675599338,198.85,4.32
m1,2,224186434342825664796710772606321459414141275007543257495039427030550146799953432805376,10649249.140699366,198.85,80.19
m2,2,224186434342825664796710772606321459414141275007543257495039427030550146799953432805376,4495802.2879008865,199.00,2.44
