strategy,k,db_cost,energy,sample_ms,fusion_ms
m0,1,396294654798368749358104007093964779061868900474370830459548168539248525312,5416517.8361002365,156.85,3.29
m1,1,396294654798368749358104007093964779061868900474370830459548168539248525312,5416517.8361002365,156.85,14.53
m2,1,396294654798368749358104007093964779061868900474370830459548168539248525312,1951402.0139995825,156.47,1.89
