strategy,k,db_cost,energy,sample_ms,fusion_ms
m0,1,656953987332550996324933015863147907587668981421565382420267489299062664827505778194644992,5200625.19109998,154.83,3.13
m1,1,656953987332550996324933015863147907587668981421565382420267489299062664827505778194644992,5200625.19109998,154.83,14.43
m2,1,656953987332550996324933015863147907587668981421565382420267489299062664827505778194644992,1936055.6627000459,154.23,1.71
