strategy,k,db_cost,energy,sample_ms,fusion_ms
m0,1,1562243763661692789610229030305437525013207426163228064230518911314083705052463104,19529716.478300452,265.88,6.26
m1,1,1562243763661692789610229030305437525013207426163228064230518911314083705052463104,19529716.478300452,265.88,28.02
m2,1,1562243763661692789610229030305437525013207426163228064230518911314083705052463104,9457563.16700288,268.11,3.37
