strategy,k,db_cost,energy,sample_ms,fusion_ms
m0,1,5491688126833888963173727331432371345754323787968411532155722087704292914060201150595133865984,10446507.72799944,198.22,4.53
m1,1,5491688126833888963173727331432371345754323787968411532155722087704292914060201150595133865984,10446507.72799944,198.22,20.83
m2,1,5491688126833888963173727331432371345754323787968411532155722087704292914060201150595133865984,4554095.99680042,197.10,2.44
