strategy,k,db_cost,energy,sample_ms,fusion_ms
m0,1,1952180801294260298843806582062024387370355472988319011082059684070423896522752,5079985.373100015,153.56,3.38
m1,1,1952180801294260298843806582062024387370355472988319011082059684070423896522752,5079985.373100015,153.56,16.35
m2,1,1952180801294260298843806582062024387370355472988319011082059684070423896522752,1903320.0000002831,154.12,2.06
