strategy,k,db_cost,energy,sample_ms,fusion_ms
m0,1,457978754605333912921350285506365905868737678127481730914844672,650214.9850000107,77.89,1.14
m1,1,457978754605333912921350285506365905868737678127481730914844672,650214.9850000107,77.89,5.52
m2,1,457978754605333912921350285506365905868737678127481730914844672,180565.58700001924,74.38,0.66
