strategy,k,db_cost,energy,sample_ms,fusion_ms
m0,1,2038372389627723458912472186979650239685848313059593980096980781254782792043082716065500670304714752,10548568.349299738,196.05,4.61
m1,1,2038372389627723458912472186979650239685848313059593980096980781254782792043082716065500670304714752,10548568.349299738,196.05,20.83
m2,1,2038372389627723458912472186979650239685848313059593980096980781254782792043082716065500670304714752,4516289.092800545,199.28,2.51
