strategy,k,db_cost,energy,sample_ms,fusion_ms
m0,1,4819872180035250800100376630414702370239595250043584512,658066.7443000039,72.09,1.14
m1,1,4819872180035250800100376630414702370239595250043584512,658066.7443000039,72.09,10.32
m2,1,4819872180035250800100376630414702370239595250043584512,179251.73849999873,68.22,0.63
