strategy,k,db_cost,energy,sample_ms,fusion_ms
m0,1,14544352295277640676109396439831911932042840421433344,667797.4273000155,73.30,1.15
m1,1,14544352295277640676109396439831911932042840421433344,667797.4273000155,73.30,5.28
m2,1,14544352295277640676109396439831911932042840421433344,181398.87270001977,73.17,0.64
