strategy,k,db_cost,energy,sample_ms,fusion_ms
m0,1,776121304507419214347142127743814972104782091507879476518707483886414946143043584,5422431.324499691,153.56,3.19
m1,1,776121304507419214347142127743814972104782091507879476518707483886414946143043584,5422431.324499691,153.56,14.12
m2,1,776121304507419214347142127743814972104782091507879476518707483886414946143043584,2009592.3773002587,153.97,1.61
