strategy,k,db_cost,energy,sample_ms,fusion_ms
m0,1,21942795091692181838027730248907046490375083781835638813229056,5234647.522599855,163.13,3.14
m1,1,21942795091692181838027730248907046490375083781835638813229056,5234647.522599855,163.13,14.54
m2,1,21942795091692181838027730248907046490375083781835638813229056,1925477.5455997852,158.48,1.72
