strategy,k,db_cost,energy,sample_ms,fusion_ms
m0,1,11404820895014831274036987072830252811851471152943791670475942445317905505449489750195576574697420662375364689920,19355553.581800327,265.33,6.24
m1,1,11404820895014831274036987072830252811851471152943791670475942445317905505449489750195576574697420662375364689920,19355553.581800327,265.33,28.93
m2,1,11404820895014831274036987072830252811851471152943791670475942445317905505449489750195576574697420662375364689920,9232216.035898967,264.92,3.52
