strategy,k,db_cost,energy,sample_ms,fusion_ms
m0,2,1512183902087143338384504366675199970753564440619390318149632,678339.6126000092,70.21,1.16
m1,2,211402282637555757738062948709951710447137577039516663808,661655.3973000087,70.21,19.25
m2,2,1512183902087143338384504366675199970753564440619390318149632,183082.60620000082,70.28,0.61
