strategy,k,db_cost,energy,sample_ms,fusion_ms
m0,1,1512183902087143338384504366675199970753564440619390318149632,678339.6126000092,70.21,1.19
m1,1,1512183902087143338384504366675199970753564440619390318149632,678339.6126000092,70.21,4.96
m2,1,1512183902087143338384504366675199970753564440619390318149632,183082.60620000082,70.28,0.67
