strategy,k,db_cost,energy,sample_ms,fusion_ms
m0,1,24441920953935886573014337435195301812205263737814253568000,2241516.2686000187,108.13,2.05
m1,1,24441920953935886573014337435195301812205263737814253568000,2241516.2686000187,108.13,9.48
m2,1,24441920953935886573014337435195301812205263737814253568000,674862.3310999568,107.97,1.13
