strategy,k,db_cost,energy,sample_ms,fusion_ms
m0,1,2864808645173674255249671772468125801612654550317574656098304,639860.3756999804,55.08,1.18
m1,1,2864808645173674255249671772468125801612654550317574656098304,639860.3756999804,55.08,5.31
m2,1,2864808645173674255249671772468125801612654550317574656098304,182513.97679998755,60.76,0.68
