strategy,k,db_cost,energy,sample_ms,fusion_ms
m0,3,2864808645173674255249671772468125801612654550317574656098304,639860.3756999804,55.08,1.14
m1,3,2864808645173674255249671772468125801612654550317574656098304,636264.5886999834,55.08,45.04
m2,3,2864808645173674255249671772468125801612654550317574656098304,182513.97679998755,60.76,0.65
