strategy,k,db_cost,energy,sample_ms,fusion_ms
m0,1,1351405412244021265361334558879336451403345972468463513425288781818501267456,627692.1303000072,69.51,1.13
m1,1,1351405412244021265361334558879336451403345972468463513425288781818501267456,627692.1303000072,69.51,5.30
m2,1,1351405412244021265361334558879336451403345972468463513425288781818501267456,182922.1731000141,68.93,0.65
