strategy,k,db_cost,energy,sample_ms,fusion_ms
m0,1,1023259102736462305941635345323713000942931779376585359071787497891561472,2160533.2311999626,107.35,2.06
m1,1,1023259102736462305941635345323713000942931779376585359071787497891561472,2160533.2311999626,107.35,9.30
m2,1,1023259102736462305941635345323713000942931779376585359071787497891561472,669922.265599917,108.15,1.12
