strategy,k,db_cost,energy,sample_ms,fusion_ms
m0,1,28444343507511932117794605247586873479607802368888544051205549405224775742237710172469326838360965120,10897452.214599384,198.23,4.59
m1,1,28444343507511932117794605247586873479607802368888544051205549405224775742237710172469326838360965120,10897452.214599384,198.23,20.07
m2,1,28444343507511932117794605247586873479607802368888544051205549405224775742237710172469326838360965120,4474863.290299879,197.63,2.37
