strategy,k,db_cost,energy,sample_ms,fusion_ms
m0,1,113277643972041381614259605309719074395362297284042899118279694878296936131231422040331330862992576671394330394818856346701004167035637202944,19842621.678402573,264.56,6.17
m1,1,113277643972041381614259605309719074395362297284042899118279694878296936131231422040331330862992576671394330394818856346701004167035637202944,19842621.678402573,264.56,28.63
m2,1,113277643972041381614259605309719074395362297284042899118279694878296936131231422040331330862992576671394330394818856346701004167035637202944,9414305.21459754,260.37,3.26
