strategy,k,db_cost,energy,sample_ms,fusion_ms
m0,1,1221159005078177501351812606349498303438364712774861725809827732538525416220655970582867235889612476699415412736,10556521.875099858,197.51,4.53
m1,1,1221159005078177501351812606349498303438364712774861725809827732538525416220655970582867235889612476699415412736,10556521.875099858,197.51,20.70
m2,1,1221159005078177501351812606349498303438364712774861725809827732538525416220655970582867235889612476699415412736,4513848.091599865,196.13,2.47
