strategy,k,db_cost,energy,sample_ms,fusion_ms
m0,1,3816587255992382564564036931200107050958502269842916771816100122299960337104896,5151484.849499983,152.60,10.16
m1,1,3816587255992382564564036931200107050958502269842916771816100122299960337104896,5151484.849499983,152.60,14.27
m2,1,3816587255992382564564036931200107050958502269842916771816100122299960337104896,1922238.1301999567,151.74,1.61
