strategy,k,db_cost,energy,sample_ms,fusion_ms
m0,1,34660463162002557637886407122935778879661814258742366870374189304254193089483195887973839834692316514789082791936,20098197.525000636,271.37,6.33
m1,1,34660463162002557637886407122935778879661814258742366870374189304254193089483195887973839834692316514789082791936,20098197.525000636,271.37,28.58
m2,1,34660463162002557637886407122935778879661814258742366870374189304254193089483195887973839834692316514789082791936,9009553.73279644,269.94,3.35
