strategy,k,db_cost,energy,sample_ms,fusion_ms
m0,1,15966180408620170120897356826648346471225518788484572557395099648,5653624.267799927,152.37,3.14
m1,1,15966180408620170120897356826648346471225518788484572557395099648,5653624.267799927,152.37,14.33
m2,1,15966180408620170120897356826648346471225518788484572557395099648,2016815.6802995538,152.71,1.75
