strategy,k,db_cost,energy,sample_ms,fusion_ms
m0,1,11121189154160952494382625210150471701717431384715262121893006106051904210409198183010081876936099850277106333016331466632085897423000793553829888,19649205.273700677,270.95,6.25
m1,1,11121189154160952494382625210150471701717431384715262121893006106051904210409198183010081876936099850277106333016331466632085897423000793553829888,19649205.273700677,270.95,28.61
m2,1,11121189154160952494382625210150471701717431384715262121893006106051904210409198183010081876936099850277106333016331466632085897423000793553829888,9145002.606602645,269.99,3.35
