strategy,k,db_cost,energy,sample_ms,fusion_ms
m0,1,12149900866620274132195676829947963810271730217995295775914914838740992,649212.7401000012,71.91,1.13
m1,1,12149900866620274132195676829947963810271730217995295775914914838740992,649212.7401000012,71.91,5.27
m2,1,12149900866620274132195676829947963810271730217995295775914914838740992,182502.5369000048,70.13,0.68
