strategy,k,db_cost,energy,sample_ms,fusion_ms
m0,3,12149900866620274132195676829947963810271730217995295775914914838740992,649212.7401000012,71.91,1.08
m1,3,147070700753310614354717009326850523185085190160701850076380055732224,645819.5932999995,71.91,44.23
m2,3,12149900866620274132195676829947963810271730217995295775914914838740992,182502.5369000048,70.13,0.61
