strategy,k,db_cost,energy,sample_ms,fusion_ms
m0,3,29337055583209756767731074514659188086979088952458299310080,644411.704199999,67.32,1.08
m1,3,120157954369059357996271970123066808417001119724601344,632031.6108999972,67.32,43.83
m2,3,29337055583209756767731074514659188086979088952458299310080,181759.68609999624,66.80,0.59
