strategy,k,db_cost,energy,sample_ms,fusion_ms
m0,1,29337055583209756767731074514659188086979088952458299310080,644411.704199999,67.32,1.15
m1,1,29337055583209756767731074514659188086979088952458299310080,644411.704199999,67.32,5.04
m2,1,29337055583209756767731074514659188086979088952458299310080,181759.68609999624,66.80,0.65
