strategy,k,db_cost,energy,sample_ms,fusion_ms
m0,2,29337055583209756767731074514659188086979088952458299310080,644411.704199999,67.32,1.10
m1,2,120157954369059357996271970123066808417001119724601344,634265.4597999972,67.32,19.23
m2,2,29337055583209756767731074514659188086979088952458299310080,181759.68609999624,66.80,0.57
