strategy,k,db_cost,energy,sample_ms,fusion_ms
m0,2,77435988741562449948480628730516293698593385650755155441158717440,658466.3771999968,71.08,1.17
m1,2,77435988741562449948480628730516293698593385650755155441158717440,655267.8969999986,71.08,19.89
m2,2,77435988741562449948480628730516293698593385650755155441158717440,190090.92260001096,70.91,0.63
