strategy,k,db_cost,energy,sample_ms,fusion_ms
m0,3,77435988741562449948480628730516293698593385650755155441158717440,658466.3771999968,71.08,1.13
m1,3,77435988741562449948480628730516293698593385650755155441158717440,654789.9695999977,71.08,44.58
m2,3,77435988741562449948480628730516293698593385650755155441158717440,190090.92260001096,70.91,0.66
