strategy,k,db_cost,energy,sample_ms,fusion_ms
m0,2,313300996967356990863648162504683651223448216939349549421232448101359281283035774892868518497799068593762846375936,19533705.14980091,270.60,5.96
m1,2,313300996967356990863648162504683651223448216939349549421232448101359281283035774892868518497799068593762846375936,19533705.14980091,270.60,111.64
m2,2,313300996967356990863648162504683651223448216939349549421232448101359281283035774892868518497799068593762846375936,9258363.127199866,266.88,3.17
