strategy,k,db_cost,energy,sample_ms,fusion_ms
m0,1,157868947314519251372960848585780500482103513396391345507128605826728272592896,5457057.126699925,154.36,3.12
m1,1,157868947314519251372960848585780500482103513396391345507128605826728272592896,5457057.126699925,154.36,14.35
m2,1,157868947314519251372960848585780500482103513396391345507128605826728272592896,1969686.024500088,154.51,1.71
