strategy,k,db_cost,energy,sample_ms,fusion_ms
m0,1,29699264701539481653762263353382149853769258784383643404884549420347333363198485818507157424447949894381683605504,5447168.330300173,157.54,10.16
m1,1,29699264701539481653762263353382149853769258784383643404884549420347333363198485818507157424447949894381683605504,5447168.330300173,157.54,14.59
m2,1,29699264701539481653762263353382149853769258784383643404884549420347333363198485818507157424447949894381683605504,1937072.6561997044,156.78,1.81
