strategy,k,db_cost,energy,sample_ms,fusion_ms
m0,3,150152567576855470876847358434897224902055146024959742013353312156975543643021863782038879826512405884918076185686069169094656,19799684.79709947,271.71,5.95
m1,3,150152567576855470876847358434897224902055146024959742013353312156975543643021863782038879826512405884918076185686069169094656,19792981.191699352,271.71,306.48
m2,3,150152567576855470876847358434897224902055146024959742013353312156975543643021863782038879826512405884918076185686069169094656,9136207.065093577,270.45,3.14
