strategy,k,db_cost,energy,sample_ms,fusion_ms
m0,1,593443462685490983704774796945364355922929455561148843498918534963972747968175407104,18853461.601000592,270.73,6.24
m1,1,593443462685490983704774796945364355922929455561148843498918534963972747968175407104,18853461.601000592,270.73,28.71
m2,1,593443462685490983704774796945364355922929455561148843498918534963972747968175407104,9170181.414502647,268.68,3.47
