strategy,k,db_cost,energy,sample_ms,fusion_ms
m0,1,1100690568326082216880674947104493045457617497753510505216839247311110881432060297216,2119646.675600054,106.95,2.05
m1,1,1100690568326082216880674947104493045457617497753510505216839247311110881432060297216,2119646.675600054,106.95,9.05
m2,1,1100690568326082216880674947104493045457617497753510505216839247311110881432060297216,677001.8749000885,109.10,1.14
