strategy,k,db_cost,energy,sample_ms,fusion_ms
m0,1,20417508358422727659149395380057255888359626129413597022602133504,638871.2366999878,70.35,1.14
m1,1,20417508358422727659149395380057255888359626129413597022602133504,638871.2366999878,70.35,5.29
m2,1,20417508358422727659149395380057255888359626129413597022602133504,181903.99259997916,71.07,0.69
