strategy,k,db_cost,energy,sample_ms,fusion_ms
m0,2,20417508358422727659149395380057255888359626129413597022602133504,638871.2366999878,70.35,1.09
m1,2,20417508358422727659149395380057255888359626129413597022602133504,636784.3701999873,70.35,19.87
m2,2,20417508358422727659149395380057255888359626129413597022602133504,181903.99259997916,71.07,0.61
