strategy,k,db_cost,energy,sample_ms,fusion_ms
m0,2,36234977304624954233905686455046796221710781584172539879864907216561551853519104411274334075405181952144179200,10821908.976700574,197.54,4.36
m1,2,206119532567177890139617351584981407091120747443456663652667544158396518028522516199243776,10628330.066700563,197.54,148.97
m2,2,36234977304624954233905686455046796221710781584172539879864907216561551853519104411274334075405181952144179200,4603041.402399593,198.07,2.41
