strategy,k,db_cost,energy,sample_ms,fusion_ms
m0,1,2913116734165974179751407524779444676560683911900103290816299008,646270.5476999892,71.51,1.13
m1,1,2913116734165974179751407524779444676560683911900103290816299008,646270.5476999892,71.51,10.50
m2,1,2913116734165974179751407524779444676560683911900103290816299008,184420.3027999879,71.33,0.64
