strategy,k,db_cost,energy,sample_ms,fusion_ms
m0,1,6818816755468441338077662438529554777257271161956516968683741615338739883868535598828333746809139498852693606763604028834797810260040948383744,20220329.73359735,269.56,6.19
m1,1,6818816755468441338077662438529554777257271161956516968683741615338739883868535598828333746809139498852693606763604028834797810260040948383744,20220329.73359735,269.56,28.39
m2,1,6818816755468441338077662438529554777257271161956516968683741615338739883868535598828333746809139498852693606763604028834797810260040948383744,9281802.354495065,262.78,3.32
