strategy,k,db_cost,energy,sample_ms,fusion_ms
m0,1,26597837778635588679588078199303007844597251245161437760386231226684147761152,2099746.8106000167,108.04,2.01
m1,1,26597837778635588679588078199303007844597251245161437760386231226684147761152,2099746.8106000167,108.04,9.28
m2,1,26597837778635588679588078199303007844597251245161437760386231226684147761152,678120.1779999151,107.80,1.11
