strategy,k,db_cost,energy,sample_ms,fusion_ms
m0,1,11523429771809389162163652109371347121521510433504224645739888609302104323736861998427150466678784,19708158.636500962,270.61,6.26
m1,1,11523429771809389162163652109371347121521510433504224645739888609302104323736861998427150466678784,19708158.636500962,270.61,99.93
m2,1,11523429771809389162163652109371347121521510433504224645739888609302104323736861998427150466678784,9278926.383801462,267.21,3.56
