strategy,k,db_cost,energy,sample_ms,fusion_ms
m0,2,1220495530530788258317093827290255678813273532625579947037796084536917491837972753623190270260543488,10755091.427999306,195.20,4.50
m1,2,2354953795438949142148876568817613650898327156747679925118275221162701408002968394921751790833077583872,10696512.93989926,195.20,77.27
m2,2,1220495530530788258317093827290255678813273532625579947037796084536917491837972753623190270260543488,4577186.624199643,197.28,2.37
