strategy,k,db_cost,energy,sample_ms,fusion_ms
m0,1,1220495530530788258317093827290255678813273532625579947037796084536917491837972753623190270260543488,10755091.427999306,195.20,4.70
m1,1,1220495530530788258317093827290255678813273532625579947037796084536917491837972753623190270260543488,10755091.427999306,195.20,20.75
m2,1,1220495530530788258317093827290255678813273532625579947037796084536917491837972753623190270260543488,4577186.624199643,197.28,2.64
