strategy,k,db_cost,energy,sample_ms,fusion_ms
m0,1,2360909467688909157099667831573264144720199680,670203.6140999962,73.37,1.20
m1,1,2360909467688909157099667831573264144720199680,670203.6140999962,73.37,5.38
m2,1,2360909467688909157099667831573264144720199680,185762.4247000063,72.36,0.64
