strategy,k,db_cost,energy,sample_ms,fusion_ms
m0,1,636455689468575826710039153749568037249343484443821698661444382354138193723392,5209087.805599968,153.65,3.00
m1,1,636455689468575826710039153749568037249343484443821698661444382354138193723392,5209087.805599968,153.65,13.78
m2,1,636455689468575826710039153749568037249343484443821698661444382354138193723392,1930959.318599989,155.58,1.60
