strategy,k,db_cost,energy,sample_ms,fusion_ms
m0,2,636455689468575826710039153749568037249343484443821698661444382354138193723392,5209087.805599968,153.65,2.88
m1,2,636455689468575826710039153749568037249343484443821698661444382354138193723392,5209087.805599968,153.65,51.93
m2,2,636455689468575826710039153749568037249343484443821698661444382354138193723392,1930959.318599989,155.58,1.59
