strategy,k,db_cost,energy,sample_ms,fusion_ms
m0,1,2857097520851488566963655920742212765681063127221796864,658080.9049999978,75.92,1.19
m1,1,2857097520851488566963655920742212765681063127221796864,658080.9049999978,75.92,5.35
m2,1,2857097520851488566963655920742212765681063127221796864,182048.77079999473,71.55,0.68
