strategy,k,db_cost,energy,sample_ms,fusion_ms
m0,1,6001772862871466171206950255931580846547187453735170417376056365181898388711785103360,5292290.858400057,161.56,3.35
m1,1,6001772862871466171206950255931580846547187453735170417376056365181898388711785103360,5292290.858400057,161.56,14.77
m2,1,6001772862871466171206950255931580846547187453735170417376056365181898388711785103360,1969423.795600041,157.77,1.84
