strategy,k,db_cost,energy,sample_ms,fusion_ms
m0,3,4326564258175254945544832497457357888658830305670085806274556277563793121575504119621707195860124472954480122220511232,19753511.139699277,270.14,6.08
m1,3,38996089595334805843959814961662767664954046483902255603750529997385905787276291381610053369856,19483368.889399398,270.14,383.59
m2,3,4326564258175254945544832497457357888658830305670085806274556277563793121575504119621707195860124472954480122220511232,9278023.33189812,268.91,3.34
