strategy,k,db_cost,energy,sample_ms,fusion_ms
m0,2,4326564258175254945544832497457357888658830305670085806274556277563793121575504119621707195860124472954480122220511232,19753511.139699277,270.14,5.91
m1,2,321976152366083711715878295491758945889121636780136386062382544544631038017798687638621719136657317050045808016850481972248576,19561572.097699262,270.14,183.95
m2,2,4326564258175254945544832497457357888658830305670085806274556277563793121575504119621707195860124472954480122220511232,9278023.33189812,268.91,3.29
