strategy,k,db_cost,energy,sample_ms,fusion_ms
m0,1,4326564258175254945544832497457357888658830305670085806274556277563793121575504119621707195860124472954480122220511232,19753511.139699277,270.14,6.31
m1,1,4326564258175254945544832497457357888658830305670085806274556277563793121575504119621707195860124472954480122220511232,19753511.139699277,270.14,28.40
m2,1,4326564258175254945544832497457357888658830305670085806274556277563793121575504119621707195860124472954480122220511232,9278023.33189812,268.91,3.30
