strategy,k,db_cost,energy,sample_ms,fusion_ms
m0,1,85352102943828649186254270246209284376317365820265842008615404581093471048464644309370490800578558036526441168896,18734424.01980073,340.73,6.30
m1,1,85352102943828649186254270246209284376317365820265842008615404581093471048464644309370490800578558036526441168896,18734424.01980073,340.73,28.34
m2,1,85352102943828649186254270246209284376317365820265842008615404581093471048464644309370490800578558036526441168896,8865752.717095627,340.12,3.22
