strategy,k,db_cost,energy,sample_ms,fusion_ms
m0,2,401671276246039355531833405667067034921639592459154867551097680485628340180301821010509824,5259585.252000216,155.67,2.98
m1,2,401671276246039355531833405667067034921639592459154867551097680485628340180301821010509824,5254848.974500202,155.67,53.99
m2,2,401671276246039355531833405667067034921639592459154867551097680485628340180301821010509824,1997539.156800102,155.52,1.60
