strategy,k,db_cost,energy,sample_ms,fusion_ms
m0,1,401671276246039355531833405667067034921639592459154867551097680485628340180301821010509824,5259585.252000216,155.67,3.17
m1,1,401671276246039355531833405667067034921639592459154867551097680485628340180301821010509824,5259585.252000216,155.67,13.78
m2,1,401671276246039355531833405667067034921639592459154867551097680485628340180301821010509824,1997539.156800102,155.52,1.71
