strategy,k,db_cost,energy,sample_ms,fusion_ms
m0,1,5000278223823940324605144743939131424175722113569571697003854867514455623150249378004825579321243871941564938524058609254400,18783082.928399667,269.92,6.12
m1,1,5000278223823940324605144743939131424175722113569571697003854867514455623150249378004825579321243871941564938524058609254400,18783082.928399667,269.92,96.71
m2,1,5000278223823940324605144743939131424175722113569571697003854867514455623150249378004825579321243871941564938524058609254400,9021495.517102076,266.14,3.42
