strategy,k,db_cost,energy,sample_ms,fusion_ms
m0,1,23098944966910089770207385694189653322553622528,602007.1733999994,77.66,1.22
m1,1,23098944966910089770207385694189653322553622528,602007.1733999994,77.66,5.80
m2,1,23098944966910089770207385694189653322553622528,174393.60299998563,72.79,0.70
