strategy,k,db_cost,energy,sample_ms,fusion_ms
m0,1,2450979962909325285011352544796206399848910531067904,644913.6185999964,69.41,1.20
m1,1,2450979962909325285011352544796206399848910531067904,644913.6185999964,69.41,5.58
m2,1,2450979962909325285011352544796206399848910531067904,176181.8219999973,69.18,0.69
