strategy,k,db_cost,energy,sample_ms,fusion_ms
m0,1,3585759171946701166518686194124847052977618838141358351589142953152251947076016828238494943832300754421558542336,10538569.722999828,199.69,4.52
m1,1,3585759171946701166518686194124847052977618838141358351589142953152251947076016828238494943832300754421558542336,10538569.722999828,199.69,21.15
m2,1,3585759171946701166518686194124847052977618838141358351589142953152251947076016828238494943832300754421558542336,4582069.062299641,197.60,2.45
