strategy,k,db_cost,energy,sample_ms,fusion_ms
m0,1,2596268003038807182305934021342401614905099828476269207045684889529614336,671247.8133999952,74.05,1.28
m1,1,2596268003038807182305934021342401614905099828476269207045684889529614336,671247.8133999952,74.05,5.61
m2,1,2596268003038807182305934021342401614905099828476269207045684889529614336,188386.45919999338,70.23,0.71
