strategy,k,db_cost,energy,sample_ms,fusion_ms
m0,1,6853607183089794972444592560786546405715202788861241560696989586331281793718344027269025421109790600078642471849951232,19975077.0281039,270.68,6.13
m1,1,6853607183089794972444592560786546405715202788861241560696989586331281793718344027269025421109790600078642471849951232,19975077.0281039,270.68,28.21
m2,1,6853607183089794972444592560786546405715202788861241560696989586331281793718344027269025421109790600078642471849951232,9384794.161703931,269.77,3.20
