strategy,k,db_cost,energy,sample_ms,fusion_ms
m0,1,18923129286782306993480285117436826006528676201496576,722994.7365999983,72.66,1.14
m1,1,18923129286782306993480285117436826006528676201496576,722994.7365999983,72.66,10.44
m2,1,18923129286782306993480285117436826006528676201496576,194556.03240001606,67.94,0.66
