strategy,k,db_cost,energy,sample_ms,fusion_ms
m0,2,767071357847253733487691191106660227401186424307748851154944,620878.148200001,74.07,1.11
m1,2,12677081097284012531575973308748896360342981917540352,607607.214000002,74.07,19.94
m2,2,767071357847253733487691191106660227401186424307748851154944,177924.93740000104,68.52,0.64
