strategy,k,db_cost,energy,sample_ms,fusion_ms
m0,1,225819156257846317754790577111767885035006850626038036555823322544707652766768056186156089214132216114339381248,18724874.507999294,268.70,6.26
m1,1,225819156257846317754790577111767885035006850626038036555823322544707652766768056186156089214132216114339381248,18724874.507999294,268.70,28.76
m2,1,225819156257846317754790577111767885035006850626038036555823322544707652766768056186156089214132216114339381248,9057652.596992541,267.36,3.35
