strategy,k,db_cost,energy,sample_ms,fusion_ms
m0,1,168598988718387684021894888425197061940505569229807645660536126294247929564221219095962126300345469481320158540968996372480,19204641.315997783,269.28,6.66
m1,1,168598988718387684021894888425197061940505569229807645660536126294247929564221219095962126300345469481320158540968996372480,19204641.315997783,269.28,28.82
m2,1,168598988718387684021894888425197061940505569229807645660536126294247929564221219095962126300345469481320158540968996372480,9254698.192989297,268.23,3.52
