strategy,k,db_cost,energy,sample_ms,fusion_ms
m0,1,17628613450528316153604754567344549420481048304371222527868928,635838.838300003,70.94,1.13
m1,1,17628613450528316153604754567344549420481048304371222527868928,635838.838300003,70.94,5.25
m2,1,17628613450528316153604754567344549420481048304371222527868928,182661.98429999713,71.09,0.64
