strategy,k,db_cost,energy,sample_ms,fusion_ms
m0,1,206827067148910572282750479334932827536760935528005632,626277.6812999923,69.44,1.14
m1,1,206827067148910572282750479334932827536760935528005632,626277.6812999923,69.44,5.29
m2,1,206827067148910572282750479334932827536760935528005632,187779.85649999423,71.14,0.64
