strategy,k,db_cost,energy,sample_ms,fusion_ms
m0,1,90743160718888975215742716260472070417958075133172295725487653858805731212888718551420398182388922843136,10674255.375400558,196.93,4.57
m1,1,90743160718888975215742716260472070417958075133172295725487653858805731212888718551420398182388922843136,10674255.375400558,196.93,89.47
m2,1,90743160718888975215742716260472070417958075133172295725487653858805731212888718551420398182388922843136,4555231.042499797,192.67,2.54
