strategy,k,db_cost,energy,sample_ms,fusion_ms
m0,1,9346212884954100848969605240814442767748638356336787250863060813030335903014296890252112289692545968680871901177839616,10430357.713299632,191.11,4.45
m1,1,9346212884954100848969605240814442767748638356336787250863060813030335903014296890252112289692545968680871901177839616,10430357.713299632,191.11,20.53
m2,1,9346212884954100848969605240814442767748638356336787250863060813030335903014296890252112289692545968680871901177839616,4553042.200299568,195.02,2.41
