strategy,k,db_cost,energy,sample_ms,fusion_ms
m0,1,592471176796768919669981836680251882621224567798664809317395764918621169781186202057426356666368,10653783.797799654,196.67,4.60
m1,1,592471176796768919669981836680251882621224567798664809317395764918621169781186202057426356666368,10653783.797799654,196.67,20.93
m2,1,592471176796768919669981836680251882621224567798664809317395764918621169781186202057426356666368,4525786.390098136,192.60,2.61
