strategy,k,db_cost,energy,sample_ms,fusion_ms
m0,1,4030925538131073660985197379634759425581908839528853013195105275438020325015552,5255693.662800148,217.00,3.15
m1,1,4030925538131073660985197379634759425581908839528853013195105275438020325015552,5255693.662800148,217.00,14.27
m2,1,4030925538131073660985197379634759425581908839528853013195105275438020325015552,1917555.5063998217,216.43,1.74
