strategy,k,db_cost,energy,sample_ms,fusion_ms
m0,1,173840939550899366458925700313615292681679037928949036075145144523515656113310962066605135021832615328958391718936765734572865241916482266542899200,19220617.118601695,339.54,6.34
m1,1,173840939550899366458925700313615292681679037928949036075145144523515656113310962066605135021832615328958391718936765734572865241916482266542899200,19220617.118601695,339.54,28.78
m2,1,173840939550899366458925700313615292681679037928949036075145144523515656113310962066605135021832615328958391718936765734572865241916482266542899200,9068531.590905553,337.19,3.38
