strategy,k,db_cost,energy,sample_ms,fusion_ms
m0,1,190951164759881702912002673903599061385675352599952644784014452759841776822244081664,2133583.6980999615,107.85,2.15
m1,1,190951164759881702912002673903599061385675352599952644784014452759841776822244081664,2133583.6980999615,107.85,9.41
m2,1,190951164759881702912002673903599061385675352599952644784014452759841776822244081664,681948.1952001031,175.30,1.18
