strategy,k,db_cost,energy,sample_ms,fusion_ms
m0,1,143864811775483762175785617578493724685044846814313757722422240346112,10580847.847199,194.34,4.57
m1,1,143864811775483762175785617578493724685044846814313757722422240346112,10580847.847199,194.34,20.22
m2,1,143864811775483762175785617578493724685044846814313757722422240346112,4598453.446097393,196.40,2.26
