strategy,k,db_cost,energy,sample_ms,fusion_ms
m0,1,850057737569166978874293827902293684957515520589659940349915757877793914880,686043.3054999945,69.86,1.14
m1,1,850057737569166978874293827902293684957515520589659940349915757877793914880,686043.3054999945,69.86,10.35
m2,1,850057737569166978874293827902293684957515520589659940349915757877793914880,188033.4060999946,69.25,0.66
