strategy,k,db_cost,energy,sample_ms,fusion_ms
m0,3,850057737569166978874293827902293684957515520589659940349915757877793914880,686043.3054999945,69.86,1.09
m1,3,850057737569166978874293827902293684957515520589659940349915757877793914880,683366.4841999932,69.86,44.11
m2,3,850057737569166978874293827902293684957515520589659940349915757877793914880,188033.4060999946,69.25,0.60
