strategy,k,db_cost,energy,sample_ms,fusion_ms
m0,2,850057737569166978874293827902293684957515520589659940349915757877793914880,686043.3054999945,69.86,1.14
m1,2,850057737569166978874293827902293684957515520589659940349915757877793914880,686040.5905999918,69.86,20.05
m2,2,850057737569166978874293827902293684957515520589659940349915757877793914880,188033.4060999946,69.25,0.62
