strategy,k,db_cost,energy,sample_ms,fusion_ms
m0,1,10281447230413243328696233015359214073338255244910615837102047232,678962.0889999955,73.73,1.21
m1,1,10281447230413243328696233015359214073338255244910615837102047232,678962.0889999955,73.73,5.35
m2,1,10281447230413243328696233015359214073338255244910615837102047232,188447.4098999875,73.50,0.68
