strategy,k,db_cost,energy,sample_ms,fusion_ms
m0,1,321059696298898933936462227842687224643717440550228710636965494567145703189667870675329390421528917514911744,19582429.17640081,266.49,6.33
m1,1,321059696298898933936462227842687224643717440550228710636965494567145703189667870675329390421528917514911744,19582429.17640081,266.49,28.42
m2,1,321059696298898933936462227842687224643717440550228710636965494567145703189667870675329390421528917514911744,9168034.237597689,265.93,3.39
