strategy,k,db_cost,energy,sample_ms,fusion_ms
m0,1,2623614270587621525084280836036008521766961700368905038680788914325630658138434412848514274976076427698455677513395980992512,19772071.332798436,270.49,6.34
m1,1,2623614270587621525084280836036008521766961700368905038680788914325630658138434412848514274976076427698455677513395980992512,19772071.332798436,270.49,28.87
m2,1,2623614270587621525084280836036008521766961700368905038680788914325630658138434412848514274976076427698455677513395980992512,9191309.17639772,265.98,3.35
