strategy,k,db_cost,energy,sample_ms,fusion_ms
m0,1,5360481342866531646929118225346701018549934710497214464,4970832.040900535,161.17,3.15
m1,1,5360481342866531646929118225346701018549934710497214464,4970832.040900535,161.17,14.42
m2,1,5360481342866531646929118225346701018549934710497214464,1981468.1312002146,156.71,1.74
