strategy,k,db_cost,energy,sample_ms,fusion_ms
m0,2,536371859905995264658587650128274703904563349434563864523150544745263690820461395237922668544,5531155.097000117,154.23,3.17
m1,2,536371859905995264658587650128274703904563349434563864523150544745263690820461395237922668544,5531155.097000117,154.23,55.10
m2,2,536371859905995264658587650128274703904563349434563864523150544745263690820461395237922668544,1963079.6696000595,153.19,1.72
