strategy,k,db_cost,energy,sample_ms,fusion_ms
m0,3,536371859905995264658587650128274703904563349434563864523150544745263690820461395237922668544,5531155.097000117,154.23,3.15
m1,3,1770728014094491140474935647306129209955157904817596226159950734126267201810570673038230384099196928,5515106.039600118,154.23,120.83
m2,3,536371859905995264658587650128274703904563349434563864523150544745263690820461395237922668544,1963079.6696000595,153.19,1.71
