strategy,k,db_cost,energy,sample_ms,fusion_ms
m0,1,536371859905995264658587650128274703904563349434563864523150544745263690820461395237922668544,5531155.097000117,154.23,3.18
m1,1,536371859905995264658587650128274703904563349434563864523150544745263690820461395237922668544,5531155.097000117,154.23,14.12
m2,1,536371859905995264658587650128274703904563349434563864523150544745263690820461395237922668544,1963079.6696000595,153.19,1.74
