strategy,k,db_cost,energy,sample_ms,fusion_ms
m0,1,93630763754357760596530423432580069016363058074663390855208139489280,664353.004200002,70.89,1.13
m1,1,93630763754357760596530423432580069016363058074663390855208139489280,664353.004200002,70.89,5.18
m2,1,93630763754357760596530423432580069016363058074663390855208139489280,181775.3526999922,70.36,0.62
