strategy,k,db_cost,energy,sample_ms,fusion_ms
m0,1,411394803742071058585215126375057661447761952923257363825037596499706886624378880,10524326.120400615,198.90,4.57
m1,1,411394803742071058585215126375057661447761952923257363825037596499706886624378880,10524326.120400615,198.90,20.87
m2,1,411394803742071058585215126375057661447761952923257363825037596499706886624378880,4602945.014301485,198.57,2.45
