strategy,k,db_cost,energy,sample_ms,fusion_ms
m0,2,411394803742071058585215126375057661447761952923257363825037596499706886624378880,10524326.120400615,198.90,4.30
m1,2,411394803742071058585215126375057661447761952923257363825037596499706886624378880,10523792.785800662,198.90,149.32
m2,2,411394803742071058585215126375057661447761952923257363825037596499706886624378880,4602945.014301485,198.57,2.48
