strategy,k,db_cost,energy,sample_ms,fusion_ms
m0,1,146735825943749538812467705943241714375387487757658617876905644619827831244436758114568226471936,18836021.192600798,271.67,6.29
m1,1,146735825943749538812467705943241714375387487757658617876905644619827831244436758114568226471936,18836021.192600798,271.67,28.56
m2,1,146735825943749538812467705943241714375387487757658617876905644619827831244436758114568226471936,9032030.663399495,272.47,3.27
