strategy,k,db_cost,energy,sample_ms,fusion_ms
m0,1,154925356347173656483676211656593511574574282516715707235349764898859780472646116872460640790607968676235836275715296123158528000,18893202.33820014,270.67,6.28
m1,1,154925356347173656483676211656593511574574282516715707235349764898859780472646116872460640790607968676235836275715296123158528000,18893202.33820014,270.67,28.92
m2,1,154925356347173656483676211656593511574574282516715707235349764898859780472646116872460640790607968676235836275715296123158528000,9296595.59609919,270.38,3.31
