strategy,k,db_cost,energy,sample_ms,fusion_ms
m0,1,122325945334650142415813233515360677819410210476972529928068470731188172179162217316352,5034389.993199913,153.59,3.48
m1,1,122325945334650142415813233515360677819410210476972529928068470731188172179162217316352,5034389.993199913,153.59,16.98
m2,1,122325945334650142415813233515360677819410210476972529928068470731188172179162217316352,1922933.9386004189,157.51,1.89
