strategy,k,db_cost,energy,sample_ms,fusion_ms
m0,2,122325945334650142415813233515360677819410210476972529928068470731188172179162217316352,5034389.993199913,153.59,3.43
m1,2,122325945334650142415813233515360677819410210476972529928068470731188172179162217316352,5032860.634299907,153.59,133.53
m2,2,122325945334650142415813233515360677819410210476972529928068470731188172179162217316352,1922933.9386004189,157.51,1.90
