strategy,k,db_cost,energy,sample_ms,fusion_ms
m0,1,470017827641995006201906696243344572416,661404.0697999954,70.91,1.17
m1,1,470017827641995006201906696243344572416,661404.0697999954,70.91,5.17
m2,1,470017827641995006201906696243344572416,178856.90659997708,70.08,0.64
