strategy,k,db_cost,energy,sample_ms,fusion_ms
m0,1,4291535354529558194676324927518949495612278884975340135164553340762718208,2258088.124000112,118.53,2.14
m1,1,4291535354529558194676324927518949495612278884975340135164553340762718208,2258088.124000112,118.53,9.66
m2,1,4291535354529558194676324927518949495612278884975340135164553340762718208,666198.198100225,113.68,1.19
