strategy,k,db_cost,energy,sample_ms,fusion_ms
m0,2,4291535354529558194676324927518949495612278884975340135164553340762718208,2258088.124000112,118.53,2.07
m1,2,4291535354529558194676324927518949495612278884975340135164553340762718208,2257674.903100114,118.53,36.87
m2,2,4291535354529558194676324927518949495612278884975340135164553340762718208,666198.198100225,113.68,1.15
