strategy,k,db_cost,energy,sample_ms,fusion_ms
m0,1,1962099766569612912979168169565892831399415020340391599532092803133775684361296687348676851093029966031038974605131776,19578588.102699764,268.66,6.33
m1,1,1962099766569612912979168169565892831399415020340391599532092803133775684361296687348676851093029966031038974605131776,19578588.102699764,268.66,28.83
m2,1,1962099766569612912979168169565892831399415020340391599532092803133775684361296687348676851093029966031038974605131776,9241200.392893512,268.53,3.41
