strategy,k,db_cost,energy,sample_ms,fusion_ms
m0,1,2017683767741173641950951375265248730247251717375290955707855385926081445888,5185560.314900049,156.86,3.16
m1,1,2017683767741173641950951375265248730247251717375290955707855385926081445888,5185560.314900049,156.86,14.40
m2,1,2017683767741173641950951375265248730247251717375290955707855385926081445888,1948715.981100111,156.29,1.61
