strategy,k,db_cost,energy,sample_ms,fusion_ms
m0,1,444260492989638563539870706011220449696162870634895344609520653330084017764056074461087185169448683012593025024,18941047.224100813,270.41,6.29
m1,1,444260492989638563539870706011220449696162870634895344609520653330084017764056074461087185169448683012593025024,18941047.224100813,270.41,28.75
m2,1,444260492989638563539870706011220449696162870634895344609520653330084017764056074461087185169448683012593025024,9092910.235901112,268.71,3.26
