strategy,k,db_cost,energy,sample_ms,fusion_ms
m0,3,120365486619093729562214576587000975792137514945464178050504428831568303995936221932539614055014187919567142857441858289563336704,19177337.889699705,269.39,6.46
m1,3,120365486619093729562214576587000975792137514945464178050504428831568303995936221932539614055014187919567142857441858289563336704,19174950.471499678,269.39,316.63
m2,3,120365486619093729562214576587000975792137514945464178050504428831568303995936221932539614055014187919567142857441858289563336704,8991565.17579994,268.70,3.17
