strategy,k,db_cost,energy,sample_ms,fusion_ms
m0,3,56541147603912965635587315541459239028742496633047039361992235362262117600635323242350562156166711458390216809818247895126428361881284325146624,20210264.793402396,269.17,5.92
m1,3,56541147603912965635587315541459239028742496633047039361992235362262117600635323242350562156166711458390216809818247895126428361881284325146624,20202833.83600249,269.17,378.69
m2,3,56541147603912965635587315541459239028742496633047039361992235362262117600635323242350562156166711458390216809818247895126428361881284325146624,9221069.34160345,269.85,3.40
