strategy,k,db_cost,energy,sample_ms,fusion_ms
m0,1,69379736435438115741874885266506551746275873927224289140567597816347623424,5384118.594800202,153.85,3.16
m1,1,69379736435438115741874885266506551746275873927224289140567597816347623424,5384118.594800202,153.85,14.53
m2,1,69379736435438115741874885266506551746275873927224289140567597816347623424,2003797.209099694,154.58,1.73
