strategy,k,db_cost,energy,sample_ms,fusion_ms
m0,2,69379736435438115741874885266506551746275873927224289140567597816347623424,5384118.594800202,153.85,3.00
m1,2,69379736435438115741874885266506551746275873927224289140567597816347623424,5383524.003300245,153.85,122.48
m2,2,69379736435438115741874885266506551746275873927224289140567597816347623424,2003797.209099694,154.58,1.69
