strategy,k,db_cost,energy,sample_ms,fusion_ms
m0,3,8894298923166525620477118037106884608,2016318.6129000895,103.62,1.91
m1,3,797613351341686389753938330177791165214829154664448,1993044.510500084,103.62,78.32
m2,3,8894298923166525620477118037106884608,691879.1167999802,103.49,1.07
