strategy,k,db_cost,energy,sample_ms,fusion_ms
m0,1,894234660235979581879627844252638128218860353300455587414434669719415947264,10987754.806799145,195.79,4.52
m1,1,894234660235979581879627844252638128218860353300455587414434669719415947264,10987754.806799145,195.79,20.37
m2,1,894234660235979581879627844252638128218860353300455587414434669719415947264,4649956.16000136,195.75,2.42
